instrument,symbol,base_currency,base_symbol,quote_currency,quote_symbol,instrument_type,contract_type,contract_value,max_leverage,min_size,lot_size,tick_size,digits,max_limit_size,max_market_size,leverage,margin_mode,martingale_factor,bulk_collection_rate,interval_collection_rate,sma_factor,trade_period,trade_timeframe,timeframe_units,trade_state,trade_status,suspense,list_time,expiry_time
75411C,1000000BABYDOGE-USDT,00413B,1000000BABYDOGE,350FE2,USDT,SWAP,linear,1000,25,1,1,1E-07,8,60000,12000,0,cross,0,,,,,,,1697FE,Disabled,0,"2024/06/12 04:00:05","2050/11/30 08:00:00"
6CF8CE,1000000BOB-USDT,A33370,1000000BOB,350FE2,USDT,SWAP,linear,10,50,1,1,1E-05,6,900000,20000,0,cross,0,,,,,,,1697FE,Disabled,0,"2025/06/05 02:00:00","2124/08/01 03:00:00"
522F94,1000000MOG-USDT,9EBC23,1000000MOG,350FE2,USDT,SWAP,linear,1,75,1,1,0.0001,5,170000,34000,0,cross,0,,,,,,,1697FE,Disabled,0,"2024/05/27 03:30:05","2050/11/30 08:00:00"
08A048,1000000PEIPEI-USDT,A7EAB0,1000000PEIPEI,350FE2,USDT,SWAP,linear,10,12,1,1,1E-05,6,25000,5000,0,cross,0,,,,,,,14E7C6,Suspended,1,"2024/07/05 03:30:00","2028/12/31 08:00:00"
662B38,10000COQ-USDT,23F9A6,10000COQ,350FE2,USDT,SWAP,linear,100,12,1,1,1E-06,7,25000,5000,0,cross,0,,,,,,,14E7C6,Suspended,1,"2024/03/13 03:30:05","2030/11/30 08:00:00"
A1803A,10000SATS-USDT,220F94,10000SATS,350FE2,USDT,SWAP,linear,1,25,1,1,1E-07,8,132210000,12000000,0,cross,0,,,,,,,1697FE,Disabled,0,"2023/11/16 20:30:05","2030/11/16 19:22:08"
3BFCF0,1000APU-USDT,CCE5AA,1000APU,350FE2,USDT,SWAP,linear,10,25,0.1,0.1,0.0001,5,7500,1500,0,cross,0,,,,,,,14E7C6,Suspended,1,"2024/06/21 03:30:05","2050/11/30 08:00:00"
57A8C0,1000BONK-USDT,38FC11,1000BONK,350FE2,USDT,SWAP,linear,1000,75,0.1,0.1,1E-06,7,40000,6000,0,cross,0,,,,,,,1697FE,Disabled,0,"2023/11/16 00:30:05","2030/11/30 20:30:00"
968E0E,1000BTT-USDT,A9E9C4,1000BTT,350FE2,USDT,SWAP,linear,10000,25,0.1,0.1,1E-07,8,7837,784,0,cross,0,,,,,,,14E7C6,Suspended,1,"2023/11/16 00:30:05","2125/07/27 02:39:24.553"
240F75,1000CATS-USDT,CF4A50,1000CATS,350FE2,USDT,SWAP,linear,100,12,1,1,1E-06,7,6000,1200,0,cross,0,,,,,,,14E7C6,Suspended,1,"2024/10/16 03:00:00","2049/10/16 00:40:55"
74600000,1000CHEEMS-USDT,E8F144,1000CHEEMS,350FE2,USDT,SWAP,linear,10000,75,0.1,0.1,1E-07,8,100000,5000,0,cross,0,,,,,,,1697FE,Disabled,0,"2024/11/25 04:15:00","2049/11/25 02:40:13"
3E3BAB,1000FLOKI-USDT,05D543,1000FLOKI,350FE2,USDT,SWAP,linear,1,75,1,1,1E-05,6,5249800,638000,0,cross,0,,,,,,,1697FE,Disabled,0,"2023/10/18 01:30:00","2029/10/10 01:30:00"
F46D2C,1000MUMU-USDT,3A381E,1000MUMU,350FE2,USDT,SWAP,linear,100,12,1,1,1E-06,7,7750,1550,0,cross,0,,,,,,,14E7C6,Suspended,1,"2024/09/23 04:30:00","2049/09/23 03:36:16"
8C6DD8,1000RATS-USDT,CCE673,1000RATS,350FE2,USDT,SWAP,linear,1,25,1,1,1E-05,6,1000000,1000000,0,cross,0,,,,,,,1697FE,Disabled,0,"2023/11/22 20:30:05","2125/06/19 23:43:40.494"
47C866,1000WHY-USDT,5.17E+72,1000WHY,350FE2,USDT,SWAP,linear,10000,25,1,1,1E-07,8,400000,100000,0,cross,0,,,,,,,1697FE,Disabled,0,"2024/11/25 04:15:00","2049/11/25 02:40:13"
3D9DC7,1000XEC-USDT,D89529,1000XEC,350FE2,USDT,SWAP,linear,1,75,1,1,1E-05,6,42501800,2900000,0,cross,0,,,,,,,14E7C6,Suspended,1,"2023/10/18 01:30:00","2125/07/27 02:39:01.134"
B8A89B,1INCH-USDT,AAC586,1INCH,350FE2,USDT,SWAP,linear,1,20,1,1,0.0001,5,75120000,130000,0,cross,0,,,,,,,1697FE,Disabled,0,"2023/08/14 01:30:05","2028/12/31 08:00:00"
D35A19,A-USDT,F2D4B3,A,350FE2,USDT,SWAP,linear,1,75,1,1,0.0001,5,1000000,100000,0,cross,0,,,,,,,1697FE,Disabled,0,"2025/05/28 01:15:00","2124/08/01 03:00:00"
AA58B8,A2Z-USDT,ACB738,A2Z,350FE2,USDT,SWAP,linear,100,75,1,1,1E-06,7,1500000,200000,0,cross,0,,,,,,,1697FE,Disabled,0,"2025/07/30 01:15:00","2124/08/01 03:00:00"
7C4C45,AAVE-USDT,28055D,AAVE,350FE2,USDT,SWAP,linear,0.1,50,0.1,0.1,0.01,3,500000,12000,0,cross,0,,,,,,,1697FE,Disabled,0,"2023/01/12 02:00:00","2029/11/30 08:00:00"
358899,ACE-USDT,85A582,ACE,350FE2,USDT,SWAP,linear,1,20,1,1,0.0001,5,20000000,10000,0,cross,0,,,,,,,1697FE,Disabled,0,"2023/12/18 00:30:05","2029/11/30 08:00:00"
4381DA,ACH-USDT,4ED540,ACH,350FE2,USDT,SWAP,linear,10,20,1,1,1E-05,6,60000000,100000,0,cross,0,,,,,,,1697FE,Disabled,0,"2023/04/12 01:30:05","2028/12/31 08:00:00"
F490FD,ACT-USDT,690671,ACT,350FE2,USDT,SWAP,linear,10,50,1,1,1E-05,6,300000,30000,0,cross,0,,,,,,,1697FE,Disabled,0,"2024/11/11 04:30:00","2049/11/11 01:51:00"
BA22C8,ACX-USDT,D19707,ACX,350FE2,USDT,SWAP,linear,1,50,1,1,0.0001,5,800000,300000,0,cross,0,,,,,,,1697FE,Disabled,0,"2024/12/09 02:00:00","2049/12/08 23:42:23"
6378C2,ADA-USD,450FFA,ADA,2612A3,USD,SWAP,inverse,1,20,1,1,0.0001,5,20000000,100000,0,cross,0,,,,,,,1697FE,Disabled,0,"2025/06/27 03:00:00","2124/08/01 03:00:00"
8F7167,ADA-USDC,450FFA,ADA,5B70F6,USDC,SWAP,linear,1,25,1,1,0.0001,5,1000000,100000,0,cross,0,,,,,,,1697FE,Disabled,0,"2025/08/18 02:00:00","2124/08/01 03:00:00"
3ED462,ADA-USDT,450FFA,ADA,350FE2,USDT,SWAP,linear,100,50,0.01,0.01,0.0001,5,200000,4500,0,cross,0,,,,,,,1697FE,Disabled,0,"2023/01/12 02:00:00","2029/11/30 08:00:00"
E46138,AERGO-USDT,D004DA,AERGO,350FE2,USDT,SWAP,linear,1,50,1,1,1E-05,6,2000000,100000,0,cross,0,,,,,,,14E7C6,Suspended,1,"2025/04/16 04:15:00","2124/11/15 08:00:00"
BC3117,AERO-USDT,111EBD,AERO,350FE2,USDT,SWAP,linear,1,25,1,1,0.0001,5,150000,30000,0,cross,0,,,,,,,1697FE,Disabled,0,"2024/07/16 01:30:00","2048/12/31 08:00:00"
0B266D,AEVO-USDT,10B9D7,AEVO,350FE2,USDT,SWAP,linear,1,20,1,1,1E-05,6,42780000,30000,0,cross,0,,,,,,,1697FE,Disabled,0,"2024/03/13 07:30:05","2125/05/14 07:24:37.373"
25F473,AGI-USDT,39C104,AGI,350FE2,USDT,SWAP,linear,10,25,1,1,1E-05,6,44700,4500,0,cross,0,,,,,,,1697FE,Disabled,0,"2024/02/29 02:30:05","2030/11/30 08:00:00"
EA6B1F,AGLD-USDT,D6F1B5,AGLD,350FE2,USDT,SWAP,linear,1,20,1,1,0.0001,5,10000000,54000,0,cross,0,,,,,,,1697FE,Disabled,0,"2023/08/04 03:30:05","2028/12/31 08:00:00"
71CE96,AGT-USDT,438253,AGT,350FE2,USDT,SWAP,linear,100,50,1,1,1E-06,7,300000,20000,0,cross,0,,,,,,,1697FE,Disabled,0,"2025/05/20 03:45:00","2124/08/01 03:00:00"
9CD00D,AI-USDT,29F149,AI,350FE2,USDT,SWAP,linear,1,50,1,1,1E-05,6,1000000,70000,0,cross,0,,,,,,,1697FE,Disabled,0,"2024/01/08 05:00:05","2029/12/31 08:00:00"
19C07F,AI16Z-USDT,55237C,AI16Z,350FE2,USDT,SWAP,linear,1,50,1,1,0.0001,5,5000000,200000,0,cross,0,,,,,,,1697FE,Disabled,0,"2025/01/02 06:00:00","2049/01/02 03:34:31"
58544E,AIDOGE-USDT,D65F9E,AIDOGE,350FE2,USDT,SWAP,linear,10000000000,10,1,1,1E-13,14,13600000,15000,0,cross,0,,,,,,,14E7C6,Suspended,1,"2023/08/04 03:30:05","2048/12/31 08:00:00"
0585F3,AIN-USDT,4BADED,AIN,350FE2,USDT,SWAP,linear,10,50,1,1,1E-05,6,400000,10000,0,cross,0,,,,,,,1697FE,Disabled,0,"2025/07/10 04:00:00","2124/08/01 03:00:00"
9E3C30,AIO-USDT,77294B,AIO,350FE2,USDT,SWAP,linear,10,50,1,1,1E-05,6,1000000,50000,0,cross,0,,,,,,,1697FE,Disabled,0,"2025/08/13 04:45:00","2124/08/01 03:00:00"
ADB2AA,AIOT-USDT,EB7B8E,AIOT,350FE2,USDT,SWAP,linear,10,25,1,1,0.0001,5,500000,20000,0,cross,0,,,,,,,1697FE,Disabled,0,"2025/04/30 05:45:00","2124/08/01 03:00:00"
8590EC,AIOZ-USDT,C9FC46,AIOZ,350FE2,USDT,SWAP,linear,10,25,0.1,0.1,0.0001,5,15000,3000,0,cross,0,,,,,,,1697FE,Disabled,0,"2024/11/29 02:30:00","2049/11/29 00:58:44"
84383A,AIXBT-USDT,9.11E+42,AIXBT,350FE2,USDT,SWAP,linear,10,75,1,1,1E-05,6,400000,70000,0,cross,0,,,,,,,1697FE,Disabled,0,"2024/12/21 01:00:00","2049/11/26 03:00:00"
42012E,AKT-USDT,1E0526,AKT,350FE2,USDT,SWAP,linear,1,50,1,1,0.001,4,40000,8000,0,cross,0,,,,,,,1697FE,Disabled,0,"2024/06/26 04:00:00","2029/10/31 09:00:00"
D8EED3,ALCH-USDT,F04F94,ALCH,350FE2,USDT,SWAP,linear,10,50,1,1,1E-05,6,500000,50000,0,cross,0,,,,,,,1697FE,Disabled,0,"2025/01/07 04:10:00","2049/01/07 01:47:04"
5F7452,ALEO-USDT,69CFCC,ALEO,350FE2,USDT,SWAP,linear,1,25,1,1,0.0001,5,29000,5800,0,cross,0,,,,,,,1697FE,Disabled,0,"2024/09/19 04:30:00","2049/09/19 03:39:50"
35C1FF,ALGO-USDT,38A3FF,ALGO,350FE2,USDT,SWAP,linear,10,50,1,1,0.0001,5,3594000,28000,0,cross,0,,,,,,,1697FE,Disabled,0,"2023/01/12 02:00:00","2029/11/30 08:00:00"
3C6ACC,ALICE-USDT,9E0BC2,ALICE,350FE2,USDT,SWAP,linear,0.1,50,1,1,0.001,4,500000,500000,0,cross,0,,,,,,,1697FE,Disabled,0,"2023/10/18 01:30:00","2029/10/10 01:30:00"
1124A0,ALPACA-USDT,A799C6,ALPACA,350FE2,USDT,SWAP,linear,10,5,1,1,1E-05,6,600000,70000,0,cross,0,,,,,,,14E7C6,Suspended,1,"2024/08/22 04:00:00","2039/08/22 01:44:14"
12AD51,ALPHA-USDT,513052,ALPHA,350FE2,USDT,SWAP,linear,1,25,1,1,1E-05,6,6578600,500000,0,cross,0,,,,,,,1697FE,Disabled,0,"2023/10/18 01:30:00","2029/10/10 01:30:00"
0E14D7,ALPINE-USDT,36F83D,ALPINE,350FE2,USDT,SWAP,linear,1,50,1,1,0.0001,5,1000000,100000,0,cross,0,,,,,,,1697FE,Disabled,0,"2025/05/06 03:00:00","2124/08/01 03:00:00"
A88256,ALT-USDT,FFF0F5,ALT,350FE2,USDT,SWAP,linear,1,50,1,1,1E-05,6,10000000,1000000,0,cross,0,,,,,,,1697FE,Disabled,0,"2024/01/30 02:00:05","2030/11/30 20:30:00"
B9DE96,ALU-USDT,1A5FB0,ALU,350FE2,USDT,SWAP,linear,10,12,1,1,1E-06,7,90000,18000,0,cross,0,,,,,,,14E7C6,Suspended,1,"2025/01/15 01:00:00","2049/01/14 18:50:30"
2840EC,AMB-USDT,9BA7C3,AMB,350FE2,USDT,SWAP,linear,1,8,1,1,1E-06,7,10000000,2300000,0,cross,0,,,,,,,14E7C6,Suspended,1,"2023/10/18 01:30:00","2029/10/10 01:30:00"
34D821,ANIME-USDT,A73ACF,ANIME,350FE2,USDT,SWAP,linear,10,50,1,1,1E-05,6,60000000,100000,0,cross,0,,,,,,,1697FE,Disabled,0,"2025/01/23 07:15:00","2049/01/23 06:41:55"
D2DF12,ANKR-USDT,BFE226,ANKR,350FE2,USDT,SWAP,linear,100,75,1,1,1E-05,6,558500,50000,0,cross,0,,,,,,,1697FE,Disabled,0,"2023/08/04 03:30:05","2028/12/31 08:00:00"
52413C,APE-USDT,DF39E4,APE,350FE2,USDT,SWAP,linear,0.1,20,1,1,0.0001,5,100000000,210000,0,cross,0,,,,,,,1697FE,Disabled,0,"2023/04/12 01:30:05","2028/12/31 08:00:00"
58ACAF,API3-USDT,0A26E4,API3,350FE2,USDT,SWAP,linear,1,20,1,1,0.0001,5,12660000,14000,0,cross,0,,,,,,,1697FE,Disabled,0,"2023/10/18 01:30:00","2029/10/10 01:30:00"
A404BB,APT-USDT,085D37,APT,350FE2,USDT,SWAP,linear,1,50,0.1,0.1,0.001,4,2100000,25000,0,cross,0,,,,,,,1697FE,Disabled,0,"2023/01/12 02:00:00","2029/11/30 08:00:00"
AD4544,AR-USDT,2FD576,AR,350FE2,USDT,SWAP,linear,0.1,20,1,1,0.001,4,13260000,90000,0,cross,0,,,,,,,1697FE,Disabled,0,"2023/10/18 01:30:00","2029/10/10 01:30:00"
163B9E,ARB-USDT,687412,ARB,350FE2,USDT,SWAP,linear,1,20,1,1,0.0001,5,30234000,220000,0,cross,0,,,,,,,1697FE,Disabled,0,"2023/03/23 07:00:05","2029/12/30 08:00:00"
737A10,ARC-USDT,63A383,ARC,350FE2,USDT,SWAP,linear,10,50,1,1,1E-05,6,600000,180000,0,cross,0,1440,4,60,CA3449,15m,15,7C7AB8,Enabled,0,"2025/01/03 03:30:00","2049/01/03 01:40:20"
3381F4,ARIA-USDT,465BC4,ARIA,350FE2,USDT,SWAP,linear,10,50,1,1,1E-05,6,900000,100000,0,cross,0,,,,,,,1697FE,Disabled,0,"2025/09/03 04:15:00","2124/08/01 03:00:00"
1BC6A8,ARK-USDT,DB85A7,ARK,350FE2,USDT,SWAP,linear,1,25,1,1,0.0001,5,10000000,150000,0,cross,0,,,,,,,1697FE,Disabled,0,"2023/10/18 01:30:00","2029/10/10 01:30:00"
76C713,ARKM-USDT,70CB27,ARKM,350FE2,USDT,SWAP,linear,1,75,1,1,0.0001,5,5000000,100000,0,cross,0,,,,,,,1697FE,Disabled,0,"2023/10/18 01:30:00","2029/10/10 01:30:00"
89071F,ARPA-USDT,C344E0,ARPA,350FE2,USDT,SWAP,linear,1,50,1,1,1E-05,6,10000000,2000000,0,cross,0,,,,,,,1697FE,Disabled,0,"2023/08/04 03:30:05","2028/12/31 08:00:00"
4810000000,ASP-USDT,61B204,ASP,350FE2,USDT,SWAP,linear,10,25,1,1,0.0001,5,30000,6000,0,cross,0,,,,,,,1697FE,Disabled,0,"2025/07/25 03:00:00","2124/08/01 03:00:00"
3E7671,ASR-USDT,488284,ASR,350FE2,USDT,SWAP,linear,1,50,1,1,0.001,4,500000,40000,0,cross,0,,,,,,,1697FE,Disabled,0,"2025/05/06 02:45:00","2124/08/01 03:00:00"
C8A600,ASTR-USDT,CB40E1,ASTR,350FE2,USDT,SWAP,linear,1,50,1,1,1E-06,7,10000000,600000,0,cross,0,,,,,,,1697FE,Disabled,0,"2023/08/04 03:30:05","2028/12/31 08:00:00"
DB2ED1,ATA-USDT,90E41A,ATA,350FE2,USDT,SWAP,linear,100,50,0.1,0.1,0.0001,5,100000,10000,0,cross,0,,,,,,,1697FE,Disabled,0,"2023/08/14 01:30:05","2028/12/31 08:00:00"
C8BBBC,ATH-USDT,FA564F,ATH,350FE2,USDT,SWAP,linear,100,20,1,1,1E-05,6,3000000,20000,0,cross,0,,,,,,,1697FE,Disabled,0,"2024/06/13 05:30:05","2050/11/30 08:00:00"
B48F3E,ATOM-USDT,6CE49D,ATOM,350FE2,USDT,SWAP,linear,1,50,1,1,0.001,4,2500000,14000,0,cross,0,,,,,,,1697FE,Disabled,0,"2023/01/12 02:00:00","2029/11/30 08:00:00"
AFDFCF,AUCTION-USDT,191F0E,AUCTION,350FE2,USDT,SWAP,linear,0.1,20,1,1,0.001,4,8000000,100000,0,cross,0,,,,,,,1697FE,Disabled,0,"2023/12/01 02:30:05","2029/12/01 01:17:06"
166B35,AVA-USDT,D158DB,AVA,350FE2,USDT,SWAP,linear,1,50,1,1,0.0001,5,400000,35000,0,cross,0,,,,,,,1697FE,Disabled,0,"2024/12/13 05:15:00","2049/11/26 03:00:00"
79514E,AVAAI-USDT,313977,AVAAI,350FE2,USDT,SWAP,linear,10,50,1,1,1E-05,6,400000,200000,0,cross,0,,,,,,,1697FE,Disabled,0,"2025/01/08 03:30:00","2049/01/08 02:18:14"
7A3283,AVAIL-USDT,D03EE7,AVAIL,350FE2,USDT,SWAP,linear,10,12,1,1,1E-05,6,40000,8000,0,cross,0,,,,,,,14E7C6,Suspended,1,"2024/07/25 04:00:00","2048/12/31 08:00:00"
681CC8,AVAX-USDT,6719C9,AVAX,350FE2,USDT,SWAP,linear,1,50,0.1,0.1,0.001,4,480000,5200,0,cross,0,,,,,,,1697FE,Disabled,0,"2023/01/12 02:00:00","2029/11/30 08:00:00"
598920,AWE-USDT,D5723E,AWE,350FE2,USDT,SWAP,linear,10,25,1,1,1E-05,6,1500000,10000,0,cross,0,,,,,,,1697FE,Disabled,0,"2025/05/21 01:15:00","2124/08/01 03:00:00"
4D4000,AXL-USDT,D38F9A,AXL,350FE2,USDT,SWAP,linear,1,50,1,1,0.0001,5,1000000,600000,0,cross,0,,,,,,,1697FE,Disabled,0,"2023/12/07 06:30:05","2029/12/07 05:39:09"
080BDA,AXS-USDT,7B35DA,AXS,350FE2,USDT,SWAP,linear,0.1,20,1,1,0.001,4,39550000,80000,0,cross,0,,,,,,,1697FE,Disabled,0,"2023/01/12 02:00:00","2029/11/30 08:00:00"
3454A9,B-USDT,BC3774,B,350FE2,USDT,SWAP,linear,10,50,1,1,0.0001,5,400000,20000,0,cross,0,,,,,,,1697FE,Disabled,0,"2025/05/22 19:00:00","2124/08/01 03:00:00"
15AD90,B2-USDT,35AC00,B2,350FE2,USDT,SWAP,linear,1,50,1,1,0.0001,5,1500000,150000,0,cross,0,,,,,,,1697FE,Disabled,0,"2025/05/06 06:45:00","2124/08/01 03:00:00"
70F40E,B3-USDT,88B05B,B3,350FE2,USDT,SWAP,linear,100,50,1,1,1E-06,7,800000,160000,0,cross,0,,,,,,,1697FE,Disabled,0,"2025/02/13 03:45:00","2049/02/13 01:53:49"
F17934,BABY-USDT,EBD979,BABY,350FE2,USDT,SWAP,linear,10,50,1,1,1E-05,6,16666000,100000,0,cross,0,,,,,,,1697FE,Disabled,0,"2025/04/10 04:15:00","2049/11/26 03:00:00"
EE278B,BADGER-USDT,05F6B5,BADGER,350FE2,USDT,SWAP,linear,0.1,20,1,1,0.0001,5,50000000,48000,0,cross,0,,,,,,,14E7C6,Suspended,1,"2023/11/09 20:30:05","2030/11/09 19:34:02"
CAFEDA,BAKE-USDT,EFD0E3,BAKE,350FE2,USDT,SWAP,linear,1,40,1,1,0.0001,5,5000000,500000,0,cross,0,,,,,,,1697FE,Disabled,0,"2023/10/18 01:30:00","2029/10/10 01:30:00"
8211DF,BAL-USDT,980B70,BAL,350FE2,USDT,SWAP,linear,0.1,20,1,1,0.0001,5,84180000,54000,0,cross,0,,,,,,,14E7C6,Suspended,1,"2023/10/18 01:30:00","2029/10/10 01:30:00"
9.74E+81,BAN-USDT,7E74B5,BAN,350FE2,USDT,SWAP,linear,10,50,1,1,1E-05,6,300000,30000,0,cross,0,,,,,,,1697FE,Disabled,0,"2024/11/18 04:10:00","2049/11/18 02:08:20"
0E8334,BANANA-USDT,A1D1ED,BANANA,350FE2,USDT,SWAP,linear,0.1,50,1,1,0.001,4,1500000,40000,0,cross,0,,,,,,,1697FE,Disabled,0,"2024/07/19 08:30:00","2028/12/31 08:00:00"
6A1C8F,BANANAS31-USDT,7598D0,BANANAS31,350FE2,USDT,SWAP,linear,100,75,1,1,1E-06,7,2500000,100000,0,cross,0,,,,,,,1697FE,Disabled,0,"2025/03/22 02:30:00","2049/11/26 03:00:00"
B48362,BAND-USDT,D29B7E,BAND,350FE2,USDT,SWAP,linear,1,20,1,1,0.0001,5,10000000,30000,0,cross,0,,,,,,,1697FE,Disabled,0,"2023/11/09 00:45:05","2030/11/30 20:30:00"
C4D1EE,BANK-USDT,BBB9AF,BANK,350FE2,USDT,SWAP,linear,10,50,1,1,1E-05,6,2000000,200000,0,cross,0,,,,,,,1697FE,Disabled,0,"2025/04/18 22:00:00","2124/08/01 03:00:00"
490DA2,BAS-USDT,447A88,BAS,350FE2,USDT,SWAP,linear,100,50,1,1,1E-06,7,900000,60000,0,cross,0,,,,,,,1697FE,Disabled,0,"2025/08/26 06:45:00","2124/08/01 03:00:00"
FF16D4,BAT-USDT,F59417,BAT,350FE2,USDT,SWAP,linear,10,20,1,1,0.0001,5,5356000,23000,0,cross,0,,,,,,,1697FE,Disabled,0,"2023/10/18 01:30:00","2049/10/10 01:30:00"
0B2259,BB-USDT,703099,BB,350FE2,USDT,SWAP,linear,10,50,1,1,1E-05,6,100000,50000,0,cross,0,,,,,,,1697FE,Disabled,0,"2024/05/13 06:00:05","2030/11/30 08:00:00"
30772F,BCH-USDT,4480C0,BCH,350FE2,USDT,SWAP,linear,0.1,50,0.1,0.1,0.1,2,300000,9000,0,cross,0,,,,,,,1697FE,Disabled,0,"2023/01/12 02:00:00","2049/11/30 08:00:00"
F0724A,BDXN-USDT,FF6CC5,BDXN,350FE2,USDT,SWAP,linear,10,40,1,1,1E-05,6,1000000,100000,0,cross,0,,,,,,,1697FE,Disabled,0,"2025/06/03 03:45:00","2125/05/10 03:02:24.800"
CA843B,BEAM-USDT,372602,BEAM,350FE2,USDT,SWAP,linear,1,25,1,1,1E-06,7,15140000,1570000,0,cross,0,,,,,,,1697FE,Disabled,0,"2023/11/15 00:30:05","2030/11/30 20:30:00"
DC2EDC,BEL-USDT,516CAC,BEL,350FE2,USDT,SWAP,linear,1,50,1,1,0.0001,5,10000000,250000,0,cross,0,,,,,,,1697FE,Disabled,0,"2023/10/18 01:30:00","2029/10/10 01:30:00"
ED6304,BERA-USDT,401407,BERA,350FE2,USDT,SWAP,linear,0.1,75,1,1,0.001,4,1040000,300000,0,cross,0,,,,,,,1697FE,Disabled,0,"2025/02/06 06:05:00","2049/02/05 23:16:33"
01C990,BICO-USDT,941800,BICO,350FE2,USDT,SWAP,linear,1,20,1,1,1E-05,6,72620000,33000,0,cross,0,,,,,,,1697FE,Disabled,0,"2023/11/07 20:30:05","2030/11/30 20:30:00"
3055CF,BID-USDT,17CE5C,BID,350FE2,USDT,SWAP,linear,10,50,1,1,1E-05,6,1500000,150000,0,cross,0,,,,,,,1697FE,Disabled,0,"2025/03/20 02:45:00","2049/11/26 03:00:00"
289EAF,BIGTIME-USDT,7FC80F,BIGTIME,350FE2,USDT,SWAP,linear,1,20,1,1,1E-05,6,189910000,300000,0,cross,0,,,,,,,1697FE,Disabled,0,"2023/10/12 07:30:05","2030/10/12 03:35:01"
77665A,BIO-USDT,68EB6F,BIO,350FE2,USDT,SWAP,linear,1,20,1,1,1E-05,6,66659557,100000,0,cross,0,,,,,,,1697FE,Disabled,0,"2025/01/03 03:00:00","2049/01/02 23:14:51"
B96726,BLAST-USDT,80E779,BLAST,350FE2,USDT,SWAP,linear,100,25,1,1,1E-06,7,40000,8000,0,cross,0,,,,,,,1697FE,Disabled,0,"2024/06/27 05:00:00","2029/05/31 09:00:00"
E4BEAA,BLUR-USDT,F49DDF,BLUR,350FE2,USDT,SWAP,linear,1,20,1,1,1E-05,6,73200000,150000,0,cross,0,,,,,,,1697FE,Disabled,0,"2023/02/22 04:30:00","2029/11/30 08:00:00"
E0705C,BMT-USDT,7BF59D,BMT,350FE2,USDT,SWAP,linear,10,25,1,1,1E-05,6,140000,28000,0,cross,0,,,,,,,1697FE,Disabled,0,"2025/03/13 03:30:00","2049/03/13 01:35:06"
2EA399,BNB-USDC,E1F417,BNB,5B70F6,USDC,SWAP,linear,0.01,75,1,1,0.01,3,8000000,40000,0,cross,0,,,,,,,1697FE,Disabled,0,"2025/08/18 02:00:00","2124/08/01 03:00:00"
0DCD22,BNB-USDT,E1F417,BNB,350FE2,USDT,SWAP,linear,0.01,75,1,1,0.01,3,10000000,82000,0,cross,0,,,,,,,1697FE,Disabled,0,"2023/01/12 02:00:00","2049/11/30 08:00:00"
BD6A78,BNT-USDT,D7814B,BNT,350FE2,USDT,SWAP,linear,10,20,1,1,0.0001,5,2000000,4400,0,cross,0,,,,,,,1697FE,Disabled,0,"2023/10/18 01:30:00","2029/10/10 01:30:00"
DC780D,BNX-USDT,B16026,BNX,350FE2,USDT,SWAP,linear,0.1,7,1,1,0.0001,5,8238500,3200000,0,cross,0,,,,,,,14E7C6,Suspended,1,"2023/10/18 01:30:00","2029/10/10 01:30:00"
60D7B2,BOBA-USDT,1CD014,BOBA,350FE2,USDT,SWAP,linear,100,12,0.1,0.1,1E-05,6,900,90,0,cross,0,,,,,,,14E7C6,Suspended,1,"2023/11/23 00:30:05","2125/07/14 00:07:54"
70E775,BOME-USDT,F731EC,BOME,350FE2,USDT,SWAP,linear,1000,75,1,1,1E-06,7,200000,30000,0,cross,0,,,,,,,1697FE,Disabled,0,"2024/03/15 05:00:05","2030/11/30 08:00:00"
498379,BR-USDT,1DA0D8,BR,350FE2,USDT,SWAP,linear,10,20,1,1,1E-05,6,10000000,50000,0,cross,0,,,,,,,14E7C6,Suspended,1,"2025/03/21 01:15:00","2049/11/26 03:00:00"
CFDE78,BRETT-USDT,5A62D4,BRETT,350FE2,USDT,SWAP,linear,100,75,0.1,0.1,1E-05,6,100000,10000,0,cross,0,,,,,,,1697FE,Disabled,0,"2024/04/29 05:30:05","2030/11/30 08:00:00"
B233AA,BROCCOLI714-USDT,A61F71,BROCCOLI714,350FE2,USDT,SWAP,linear,100,50,1,1,1E-05,6,200000,20000,0,cross,0,,,,,,,1697FE,Disabled,0,"2025/03/21 02:15:00","2049/11/26 03:00:00"
2EFA53,BROCCOLIF3B-USDT,5.8E+89,BROCCOLIF3B,350FE2,USDT,SWAP,linear,100,25,1,1,1E-06,7,500000,20000,0,cross,0,,,,,,,1697FE,Disabled,0,"2025/03/21 02:30:00","2049/11/26 03:00:00"
A233CD,BSV-USDT,8489EC,BSV,350FE2,USDT,SWAP,linear,1,50,0.1,0.1,0.01,3,130000,3000,0,cross,0,,,,,,,1697FE,Disabled,0,"2023/08/04 03:30:05","2028/12/31 08:00:00"
1325F1,BSW-USDT,9E8DAB,BSW,350FE2,USDT,SWAP,linear,100,20,0.1,0.1,1E-05,6,35000,15000,0,cross,0,,,,,,,1697FE,Disabled,0,"2023/11/23 00:30:05","2030/11/30 20:30:00"
D9A007,BTC-USD,110648,BTC,2612A3,USD,SWAP,inverse,1,100,1,1,0.1,2,20000000,3000000,0,cross,0,,,,,,,1697FE,Disabled,0,"2025/06/20 23:00:00","2124/08/01 03:00:00"
A2BF83,BTC-USDC,110648,BTC,5B70F6,USDC,SWAP,linear,0.0001,125,1,1,0.1,2,800000,25000,0,cross,0,,,,,,,1697FE,Disabled,0,"2025/08/18 02:00:00","2124/08/01 03:00:00"
4E3E8A,BTC-USDT,110648,BTC,350FE2,USDT,SWAP,linear,0.001,150,0.1,0.1,0.1,2,210000,100000,0,cross,0,1440,4,60,CA3449,15m,15,7C7AB8,Enabled,0,"2023/01/12 02:00:00","2049/11/30 08:00:00"
AF7688,BTCDOM-USDT,54919B,BTCDOM,350FE2,USDT,SWAP,linear,0.001,20,1,1,0.1,2,10000000,100000,0,cross,0,,,,,,,1697FE,Disabled,0,"2025/06/06 04:00:00","2124/08/01 03:00:00"
1904D8,BTR-USDT,0C956B,BTR,350FE2,USDT,SWAP,linear,10,50,1,1,1E-05,6,600000,100000,0,cross,0,,,,,,,1697FE,Disabled,0,"2025/08/27 03:45:00","2124/08/01 03:00:00"
A07DC2,BULLA-USDT,6B6C0F,BULLA,350FE2,USDT,SWAP,linear,10,50,1,1,1E-05,6,800000,40000,0,cross,0,,,,,,,1697FE,Disabled,0,"2025/07/04 02:15:00","2124/08/01 03:00:00"
CEDC4B,BUZZ-USDT,522273,BUZZ,350FE2,USDT,SWAP,linear,10,20,1,1,1E-06,7,200000000,200000,0,cross,0,,,,,,,14E7C6,Suspended,1,"2025/01/23 20:00:00","2049/01/23 18:47:15"
32DD9B,C-USDT,FA64F8,C,350FE2,USDT,SWAP,linear,10,50,1,1,1E-05,6,600000,60000,0,cross,0,,,,,,,1697FE,Disabled,0,"2025/07/15 02:15:00","2124/08/01 03:00:00"
C10B11,C98-USDT,61A7D9,C98,350FE2,USDT,SWAP,linear,1,50,1,1,0.0001,5,1151800,900000,0,cross,0,,,,,,,1697FE,Disabled,0,"2023/10/18 01:30:00","2029/10/10 01:30:00"
C38624,CAKE-USDT,D6BD93,CAKE,350FE2,USDT,SWAP,linear,1,75,1,1,0.0001,5,1000000,20000,0,cross,0,,,,,,,1697FE,Disabled,0,"2023/11/07 20:30:05","2030/11/30 20:30:00"
61A5EB,CARV-USDT,85EA17,CARV,350FE2,USDT,SWAP,linear,10,50,1,1,0.0001,5,400000,30000,0,cross,0,,,,,,,1697FE,Disabled,0,"2025/08/07 10:00:00","2124/08/01 03:00:00"
3519BE,CAT-USDT,E870F2,CAT,350FE2,USDT,SWAP,linear,100000,20,1,1,1E-09,10,9563000,50000,0,cross,0,,,,,,,1697FE,Disabled,0,"2024/09/12 02:00:00","2049/09/11 01:38:25"
D7DF9D,CATI-USDT,0FF6CA,CATI,350FE2,USDT,SWAP,linear,10,20,1,1,1E-05,6,5000000,10000,0,cross,0,,,,,,,1697FE,Disabled,0,"2024/09/20 05:30:00","2049/09/19 18:56:40"
745F72,CELO-USDT,B3079E,CELO,350FE2,USDT,SWAP,linear,1,20,1,1,0.0001,5,34670000,50000,0,cross,0,,,,,,,1697FE,Disabled,0,"2023/08/04 03:30:05","2028/12/31 08:00:00"
1B2B0F,CELR-USDT,F681E4,CELR,350FE2,USDT,SWAP,linear,1,50,1,1,1E-05,6,10000000,3000000,0,cross,0,,,,,,,1697FE,Disabled,0,"2023/10/18 01:30:00","2029/10/10 01:30:00"
74D22F,CETUS-USDT,5B9EA8,CETUS,350FE2,USDT,SWAP,linear,10,50,1,1,1E-05,6,5878000,30000,0,cross,0,,,,,,,1697FE,Disabled,0,"2023/11/23 00:30:05","2030/11/30 20:30:00"
3036C5,CFX-USDT,8FAF0A,CFX,350FE2,USDT,SWAP,linear,1,20,1,1,1E-05,6,138300000,420000,0,cross,0,,,,,,,1697FE,Disabled,0,2023/02/28,"2029/11/30 08:00:00"
3AB32E,CGPT-USDT,42EFFD,CGPT,350FE2,USDT,SWAP,linear,10,50,1,1,1E-05,6,500000,10000,0,cross,0,,,,,,,1697FE,Disabled,0,"2024/12/21 01:00:00","2049/11/26 03:00:00"
673C0B,CHESS-USDT,E66039,CHESS,350FE2,USDT,SWAP,linear,10,50,1,1,1E-05,6,1000000,100000,0,cross,0,,,,,,,1697FE,Disabled,0,"2024/08/29 01:30:00","2039/08/29 00:04:52"
740900,CHILLGUY-USDT,F9BC44,CHILLGUY,350FE2,USDT,SWAP,linear,10,75,1,1,1E-05,6,180000,200000,0,cross,0,,,,,,,1697FE,Disabled,0,"2024/11/24 23:00:00","2049/11/24 19:09:10"
03807F,CHR-USDT,E52EC5,CHR,350FE2,USDT,SWAP,linear,1,50,1,1,0.0001,5,1000000,250000,0,cross,0,,,,,,,1697FE,Disabled,0,"2023/10/18 01:30:00","2029/10/10 01:30:00"
3FBC41,CHZ-USDT,92F484,CHZ,350FE2,USDT,SWAP,linear,10,50,1,1,1E-05,6,31100000,55000,0,cross,0,,,,,,,1697FE,Disabled,0,"2023/01/12 02:00:00","2029/11/30 08:00:00"
13DD0E,CKB-USDT,603E7D,CKB,350FE2,USDT,SWAP,linear,1,50,1,1,1E-06,7,10000000,5580000,0,cross,0,,,,,,,1697FE,Disabled,0,"2023/10/18 01:30:00","2029/10/10 01:30:00"
71679D,CLOUD-USDT,A25AD8,CLOUD,350FE2,USDT,SWAP,linear,10,12,1,1,1E-05,6,20000,4000,0,cross,0,,,,,,,14E7C6,Suspended,1,"2024/07/22 06:00:00","2125/07/22 04:15:47"
47EC59,COMBO-USDT,F8E41C,COMBO,350FE2,USDT,SWAP,linear,0.1,7,1,1,0.0001,5,50000000,820000,0,cross,0,,,,,,,14E7C6,Suspended,1,"2023/10/18 01:30:00","2029/10/10 01:30:00"
1B58CC,COMP-USDT,51FA88,COMP,350FE2,USDT,SWAP,linear,0.1,20,1,1,0.01,3,2000000,14000,0,cross,0,,,,,,,1697FE,Disabled,0,"2023/07/13 01:30:05","2028/12/31 08:00:00"
95130D,COOKIE-USDT,CEBBC6,COOKIE,350FE2,USDT,SWAP,linear,10,75,1,1,0.0001,5,150000,10000,0,cross,0,,,,,,,1697FE,Disabled,0,"2025/01/07 03:45:00","2049/01/07 01:47:04"
512EC3,CORE-USDT,3C1CE5,CORE,350FE2,USDT,SWAP,linear,1,20,1,1,0.0001,5,21113000,40000,0,cross,0,,,,,,,1697FE,Disabled,0,"2023/11/23 00:30:05","2030/11/30 20:30:00"
8D6289,COS-USDT,25B7FE,COS,350FE2,USDT,SWAP,linear,100,50,1,1,1E-06,7,7000000,54000,0,cross,0,,,,,,,14E7C6,Suspended,1,"2024/05/10 03:30:05","2049/11/30 08:00:00"
0B01A2,COTI-USDT,2BF776,COTI,350FE2,USDT,SWAP,linear,1,50,1,1,1E-05,6,2311700,800000,0,cross,0,,,,,,,1697FE,Disabled,0,"2023/08/04 03:30:05","2028/12/31 08:00:00"
98CE8E,COW-USDT,FFD3E8,COW,350FE2,USDT,SWAP,linear,10,75,1,1,0.0001,5,300000,6000,0,cross,0,,,,,,,1697FE,Disabled,0,"2024/11/06 05:45:00","2049/11/06 05:11:53"
9EC927,CRO-USDT,0FB4D9,CRO,350FE2,USDT,SWAP,linear,10,20,1,1,1E-05,6,9157000,30000,0,cross,0,,,,,,,1697FE,Disabled,0,"2023/11/13 02:30:05","2030/11/30 20:30:00"
6CDE77,CROSS-USDT,B36A12,CROSS,350FE2,USDT,SWAP,linear,10,50,1,1,1E-05,6,800000,10000,0,cross,0,,,,,,,1697FE,Disabled,0,"2025/07/10 04:00:00","2124/08/01 03:00:00"
4120F3,CRV-USDT,28E1A2,CRV,350FE2,USDT,SWAP,linear,1,50,1,1,0.0001,5,15787000,110000,0,cross,0,,,,,,,1697FE,Disabled,0,"2023/01/12 02:00:00","2029/11/30 08:00:00"
B80F28,CSPR-USDT,90B0D9,CSPR,350FE2,USDT,SWAP,linear,1,20,1,1,1E-06,7,100000000,700000,0,cross,0,,,,,,,14E7C6,Suspended,1,"2023/10/15 01:30:00","2125/07/04 05:10:29"
09F778,CTK-USDT,A52DCA,CTK,350FE2,USDT,SWAP,linear,1,50,1,1,0.0001,5,2500000,100000,0,cross,0,,,,,,,1697FE,Disabled,0,"2025/04/30 05:45:00","2100/10/01 09:00:00"
C359D1,CTSI-USDT,307757,CTSI,350FE2,USDT,SWAP,linear,10,50,1,1,0.0001,5,100000,70000,0,cross,0,,,,,,,1697FE,Disabled,0,"2023/08/14 01:30:05","2028/12/31 08:00:00"
E05F2D,CUDIS-USDT,93874D,CUDIS,350FE2,USDT,SWAP,linear,10,50,1,1,1E-05,6,1000000,100000,0,cross,0,,,,,,,1697FE,Disabled,0,"2025/08/20 04:30:00","2124/08/01 03:00:00"
76A4EC,CVC-USDT,151F33,CVC,350FE2,USDT,SWAP,linear,100,20,0.1,0.1,1E-05,6,1000000,3000,0,cross,0,,,,,,,1697FE,Disabled,0,"2023/11/23 00:30:05","2030/11/30 20:30:00"
9568A5,CVX-USDT,EDFBF3,CVX,350FE2,USDT,SWAP,linear,1,75,1,1,0.001,4,200000,10000,0,cross,0,,,,,,,1697FE,Disabled,0,"2025/07/23 04:45:00","2125/06/28 23:48:23.073"
EE98E1,CYBER-USDT,A65684,CYBER,350FE2,USDT,SWAP,linear,0.1,50,1,1,0.001,4,100000000,900000,0,cross,0,,,,,,,1697FE,Disabled,0,"2023/09/02 04:30:00","2029/01/01 03:30:00"
70B96B,D-USDT,1EEE49,D,350FE2,USDT,SWAP,linear,10,50,1,1,1E-05,6,600000,60000,0,cross,0,,,,,,,14E7C6,Suspended,1,"2025/01/09 02:15:00","2049/01/08 23:53:15"
FB862D,DAM-USDT,774B8C,DAM,350FE2,USDT,SWAP,linear,10,50,1,1,1E-05,6,1000000,100000,0,cross,0,,,,,,,1697FE,Disabled,0,"2025/08/18 05:45:00","2124/08/01 03:00:00"
CFD1C7,DASH-USDT,598F76,DASH,350FE2,USDT,SWAP,linear,0.1,75,1,1,0.01,3,119000,24000,0,cross,0,,,,,,,1697FE,Disabled,0,"2023/01/12 02:00:00","2029/11/30 08:00:00"
B8BE57,DATA-USDT,1BFD46,DATA,350FE2,USDT,SWAP,linear,1,12,1,1,1E-05,6,627000,63000,0,cross,0,,,,,,,14E7C6,Suspended,1,"2023/12/20 03:00:05","2029/11/30 08:00:00"
FD5D8F,DBR-USDT,8D095E,DBR,350FE2,USDT,SWAP,linear,100,25,1,1,1E-05,6,29000,5800,0,cross,0,,,,,,,14E7C6,Suspended,1,"2024/10/18 03:00:00","2049/10/18 00:29:25"
2D7407,DEEP-USDT,AEF51B,DEEP,350FE2,USDT,SWAP,linear,100,25,0.1,0.1,1E-05,6,15000,3000,0,cross,0,,,,,,,1697FE,Disabled,0,"2024/10/18 03:00:00","2049/10/18 00:29:25"
2BB201,DEGEN-USDT,439ACB,DEGEN,350FE2,USDT,SWAP,linear,100,50,1,1,1E-06,7,180000,38000,0,cross,0,,,,,,,1697FE,Disabled,0,"2024/04/02 03:30:05","2030/11/30 08:00:00"
FAA51C,DEGO-USDT,146097,DEGO,350FE2,USDT,SWAP,linear,1,50,1,1,0.0001,5,300000,30000,0,cross,0,,,,,,,1697FE,Disabled,0,"2024/12/13 05:30:00","2049/11/26 03:00:00"
B4C45D,DENT-USDT,4E964E,DENT,350FE2,USDT,SWAP,linear,10,50,1,1,1E-06,7,22451700,5000000,0,cross,0,,,,,,,1697FE,Disabled,0,"2023/10/18 01:30:00","2029/10/10 01:30:00"
F3FC0E,DEXE-USDT,C22301,DEXE,350FE2,USDT,SWAP,linear,1,50,0.1,0.1,0.001,4,800000,10000,0,cross,0,,,,,,,1697FE,Disabled,0,"2024/12/24 04:10:00","2048/12/31 08:00:00"
AC69F0,DF-USDT,F4C1D3,DF,350FE2,USDT,SWAP,linear,10,50,1,1,1E-05,6,500000,200000,0,cross,0,,,,,,,1697FE,Disabled,0,"2024/12/30 04:15:00","2049/11/26 03:00:00"
017C97,DIA-USDT,181B53,DIA,350FE2,USDT,SWAP,linear,10,50,1,1,0.0001,5,100000,20000,0,cross,0,,,,,,,1697FE,Disabled,0,"2024/10/09 02:00:00","2049/10/08 20:25:08"
F99A78,DMC-USDT,5144000000000,DMC,350FE2,USDT,SWAP,linear,100,50,1,1,1E-06,7,1800000,50000,0,cross,0,,,,,,,14E7C6,Suspended,1,"2025/06/24 06:15:00","2124/08/01 03:00:00"
D0148C,DODOX-USDT,DC1D24,DODOX,350FE2,USDT,SWAP,linear,1,50,1,1,1E-06,7,6026900,1000000,0,cross,0,,,,,,,1697FE,Disabled,0,"2023/10/18 01:30:00","2029/10/10 01:30:00"
C8F38F,DOG-USDT,F8B5D8,DOG,350FE2,USDT,SWAP,linear,1000,20,1,1,1E-06,7,5000000,20000,0,cross,0,,,,,,,1697FE,Disabled,0,"2024/06/06 01:30:05","2050/11/30 08:00:00"
600F76,DOGE-USD,49E20C,DOGE,2612A3,USD,SWAP,inverse,1,50,1,1,1E-05,6,20000000,300000,0,cross,0,,,,,,,1697FE,Disabled,0,"2025/06/27 03:00:00","2124/08/01 03:00:00"
3A21DD,DOGE-USDC,49E20C,DOGE,5B70F6,USDC,SWAP,linear,1,75,1,1,1E-05,6,50000000,400000,0,cross,0,,,,,,,1697FE,Disabled,0,"2025/08/18 02:00:00","2124/08/01 03:00:00"
6C04AB,DOGE-USDT,49E20C,DOGE,350FE2,USDT,SWAP,linear,1000,50,0.01,0.01,1E-05,6,49700,12000,0,cross,0,,,,,,,1697FE,Disabled,0,"2023/01/12 02:00:00","2125/06/30 19:56:13.174"
FC37BF,DOGS-USDT,8F4E53,DOGS,350FE2,USDT,SWAP,linear,1000,20,1,1,1E-07,8,67461000,50000,0,cross,0,,,,,,,1697FE,Disabled,0,"2024/08/26 06:00:00","2039/08/26 02:17:58"
E7DC04,DOLO-USDT,E13AEE,DOLO,350FE2,USDT,SWAP,linear,10,50,1,1,1E-06,7,2000000,50000,0,cross,0,,,,,,,14E7C6,Suspended,1,"2025/04/30 20:30:00","2124/08/01 03:00:00"
452B2F,DOOD-USDT,0D8AAF,DOOD,350FE2,USDT,SWAP,linear,100,50,1,1,1E-07,8,1000000,50000,0,cross,0,,,,,,,1697FE,Disabled,0,"2025/05/09 06:45:00","2124/08/01 03:00:00"
35E2F6,DOT-USDT,0F95D2,DOT,350FE2,USDT,SWAP,linear,1,50,0.1,0.1,0.001,4,2000000,30000,0,cross,0,,,,,,,1697FE,Disabled,0,"2023/01/12 02:00:00","2029/11/30 08:00:00"
6ED8DE,DRIFT-USDT,FCE0A9,DRIFT,350FE2,USDT,SWAP,linear,10,50,0.1,0.1,0.0001,5,100000,5000,0,cross,0,,,,,,,1697FE,Disabled,0,"2024/05/22 03:30:05","2050/11/30 08:00:00"
1F56C4,DUCK-USDT,168220,DUCK,350FE2,USDT,SWAP,linear,100,20,1,1,1E-06,7,33330000,30000,0,cross,0,,,,,,,14E7C6,Suspended,1,"2025/01/16 03:30:00","2049/01/15 22:24:29"
99F573,DUSK-USDT,33765D,DUSK,350FE2,USDT,SWAP,linear,1,50,1,1,1E-05,6,10000000,500000,0,cross,0,,,,,,,1697FE,Disabled,0,"2023/10/18 01:30:00","2029/10/10 01:30:00"
705A1C,DYDX-USDT,676FF3,DYDX,350FE2,USDT,SWAP,linear,1,50,1,1,0.0001,5,12410000,60000,0,cross,0,,,,,,,1697FE,Disabled,0,"2023/01/12 02:00:00","2029/11/30 08:00:00"
7BB338,DYM-USDT,1D8D0F,DYM,350FE2,USDT,SWAP,linear,1,50,1,1,0.0001,5,1000000,250000,0,cross,0,,,,,,,1697FE,Disabled,0,"2024/02/07 02:30:05","2030/01/31 08:00:00"
160447,EDU-USDT,88DDFA,EDU,350FE2,USDT,SWAP,linear,1,50,1,1,0.0001,5,10000000,200000,0,cross,0,,,,,,,1697FE,Disabled,0,"2023/06/12 01:30:05","2028/12/31 08:00:00"
7ED632,EGLD-USDT,7FABDC,EGLD,350FE2,USDT,SWAP,linear,0.1,20,1,1,0.01,3,6720000,12000,0,cross,0,,,,,,,1697FE,Disabled,0,"2023/01/12 02:00:00","2029/11/30 08:00:00"
36ED9F,EIGEN-USDT,AE7DCC,EIGEN,350FE2,USDT,SWAP,linear,1,20,1,1,0.0001,5,5000000,20000,0,cross,0,,,,,,,1697FE,Disabled,0,"2024/10/01 07:00:00","2049/10/01 04:14:58"
B5627E,ELX-USDT,84D2EA,ELX,350FE2,USDT,SWAP,linear,1,20,1,1,0.0001,5,195000,39000,0,cross,0,,,,,,,14E7C6,Suspended,1,"2025/03/12 03:30:00","2049/03/12 01:55:27"
BD80C9,ENA-USDC,87EE80,ENA,5B70F6,USDC,SWAP,linear,1,50,1,1,0.0001,5,1000000,200000,0,cross,0,,,,,,,1697FE,Disabled,0,"2025/08/18 02:00:00","2124/08/01 03:00:00"
448D12,ENA-USDT,87EE80,ENA,350FE2,USDT,SWAP,linear,10,75,0.1,0.1,0.0001,5,100000,30000,0,cross,0,1440,4,60,CA3449,15m,15,7C7AB8,Enabled,0,"2024/04/02 08:45:05","2030/11/30 08:00:00"
1.9E+234,ENJ-USDT,C86F2F,ENJ,350FE2,USDT,SWAP,linear,1,20,1,1,1E-05,6,78020000,100000,0,cross,0,,,,,,,1697FE,Disabled,0,"2023/01/12 02:00:00","2029/11/30 08:00:00"
5169AB,ENS-USDT,675906,ENS,350FE2,USDT,SWAP,linear,0.1,20,1,1,0.001,4,5000000,60000,0,cross,0,,,,,,,1697FE,Disabled,0,"2023/01/12 02:00:00","2029/11/30 08:00:00"
D973EE,EOS-USDT,30262C,EOS,350FE2,USDT,SWAP,linear,10,50,0.1,0.1,0.0001,5,2000000,15000,0,cross,0,,,,,,,14E7C6,Suspended,1,"2023/01/12 02:00:00","2049/11/30 08:00:00"
DE19E5,EPIC-USDT,7CA655,EPIC,350FE2,USDT,SWAP,linear,1,50,1,1,0.0001,5,500000,20000,0,cross,0,,,,,,,1697FE,Disabled,0,"2025/03/13 02:00:00","2049/03/13 00:17:49"
945004,EPT-USDT,2860CB,EPT,350FE2,USDT,SWAP,linear,100,50,1,1,1E-06,7,500000,90000,0,cross,0,,,,,,,1697FE,Disabled,0,"2025/04/21 06:15:00","2124/08/01 03:00:00"
5A3ADD,ERA-USDT,C1B1D6,ERA,350FE2,USDT,SWAP,linear,1,75,1,1,0.0001,5,1000000,100000,0,cross,0,,,,,,,1697FE,Disabled,0,"2025/07/17 08:45:00","2124/08/01 03:00:00"
6BAD03,ES-USDT,248545,ES,350FE2,USDT,SWAP,linear,10,20,1,1,0.0001,5,41665,8333,0,cross,0,,,,,,,1697FE,Disabled,0,"2025/07/16 04:30:00","2124/08/01 03:00:00"
186FF1,ESPORTS-USDT,02C07D,ESPORTS,350FE2,USDT,SWAP,linear,10,50,1,1,1E-05,6,600000,50000,0,cross,0,,,,,,,1697FE,Disabled,0,"2025/07/29 03:15:00","2124/08/01 03:00:00"
3C00F5,ETC-USDT,FEFA64,ETC,350FE2,USDT,SWAP,linear,0.1,50,1,1,0.01,3,6303000,137300,0,cross,0,,,,,,,1697FE,Disabled,0,"2023/01/12 02:00:00","2029/11/30 08:00:00"
5F3311,ETH-USD,032B56,ETH,2612A3,USD,SWAP,inverse,1,100,1,1,0.01,3,20000000,3000000,0,cross,0,,,,,,,1697FE,Disabled,0,"2025/06/20 23:00:00","2124/08/01 03:00:00"
63C1DC,ETH-USDC,032B56,ETH,5B70F6,USDC,SWAP,linear,0.001,125,1,1,0.01,3,8000000,400000,0,cross,0,,,,,,,1697FE,Disabled,0,"2025/08/18 02:00:00","2124/08/01 03:00:00"
3962F4,ETH-USDT,032B56,ETH,350FE2,USDT,SWAP,linear,0.01,150,0.1,0.1,0.01,3,555600,150000,0,cross,0,,,,,,,1697FE,Disabled,0,"2023/01/12 02:00:00","2049/11/30 08:00:00"
4C395A,ETHBTC-USDT,03D1E8,ETHBTC,350FE2,USDT,SWAP,linear,100,25,1,1,1E-06,7,20000,4000,0,cross,0,,,,,,,1697FE,Disabled,0,"2025/06/05 04:00:00","2124/08/01 03:00:00"
D2D735,ETHFI-USDT,A552D6,ETHFI,350FE2,USDT,SWAP,linear,1,20,1,1,0.0001,5,10000000,20000,0,cross,0,,,,,,,1697FE,Disabled,0,"2024/03/19 01:30:05","2030/11/30 08:00:00"
CE2819,ETHW-USDT,9118AF,ETHW,350FE2,USDT,SWAP,linear,0.1,20,1,1,0.001,4,70000000,150000,0,cross,0,,,,,,,1697FE,Disabled,0,"2023/11/23 00:30:05","2030/11/30 20:30:00"
10D2A7,F-USDT,6DB396,F,350FE2,USDT,SWAP,linear,100,50,1,1,1E-06,7,1000000,20000,0,cross,0,,,,,,,1697FE,Disabled,0,"2025/06/18 06:30:00","2124/08/01 03:00:00"
640409,FARTCOIN-USDT,2066AE,FARTCOIN,350FE2,USDT,SWAP,linear,1,20,1,1,0.0001,5,36000000,100000,0,cross,0,,,,,,,1697FE,Disabled,0,"2024/12/20 03:00:00","2049/12/20 01:47:50"
251F3C,FET-USDT,07EA08,FET,350FE2,USDT,SWAP,linear,1,75,1,1,0.0001,5,10000000,250000,0,cross,0,,,,,,,1697FE,Disabled,0,"2024/08/14 04:00:00","2050/11/30 08:00:00"
7858D3,FHE-USDT,9BE99B,FHE,350FE2,USDT,SWAP,linear,10,50,1,1,1E-05,6,1500000,40000,0,cross,0,,,,,,,1697FE,Disabled,0,"2025/04/12 08:50:00","2100/11/26 03:00:00"
988914,FIDA-USDT,F7F47D,FIDA,350FE2,USDT,SWAP,linear,10,75,1,1,1E-05,6,400000,40000,0,cross,0,,,,,,,1697FE,Disabled,0,"2024/09/19 06:00:00","2049/09/19 04:42:20"
27A832,FIL-USDT,D5970E,FIL,350FE2,USDT,SWAP,linear,0.1,50,1,1,0.001,4,39059000,200000,0,cross,0,,,,,,,1697FE,Disabled,0,"2023/01/12 02:00:00","2029/11/30 08:00:00"
3ADFC7,FIO-USDT,D2C545,FIO,350FE2,USDT,SWAP,linear,100,25,1,1,1E-05,6,200000,40000,0,cross,0,,,,,,,1697FE,Disabled,0,"2024/09/20 05:30:00","2049/09/20 02:56:18"
462A76,FIRE-USDT,EBC1CB,FIRE,350FE2,USDT,SWAP,linear,1,12,1,1,0.0001,5,50000,10000,0,cross,0,,,,,,,14E7C6,Suspended,1,"2024/05/10 03:30:05","2030/11/30 08:00:00"
65414E,FIS-USDT,74C67D,FIS,350FE2,USDT,SWAP,linear,1,25,1,1,1E-05,6,5000000,200000,0,cross,0,,,,,,,1697FE,Disabled,0,"2025/04/25 00:45:00","2124/08/01 03:00:00"
63E1C5,FLM-USDT,31B6BA,FLM,350FE2,USDT,SWAP,linear,1,20,1,1,1E-05,6,352110000,180000,0,cross,0,,,,,,,1697FE,Disabled,0,"2023/09/23 01:40:00","2029/11/30 08:00:00"
2B5471,FLOCK-USDT,AEC3EC,FLOCK,350FE2,USDT,SWAP,linear,10,25,1,1,1E-05,6,23500,4700,0,cross,0,,,,,,,1697FE,Disabled,0,"2025/01/09 03:00:00","2049/01/09 02:06:26"
F26D9D,FLOW-USDT,7.6E+241,FLOW,350FE2,USDT,SWAP,linear,1,50,1,1,0.0001,5,20000000,150000,0,cross,0,,,,,,,1697FE,Disabled,0,"2023/08/04 03:30:05","2028/12/31 08:00:00"
274314,FLUX-USDT,349C69,FLUX,350FE2,USDT,SWAP,linear,10,50,1,1,0.0001,5,200000,10000,0,cross,0,,,,,,,1697FE,Disabled,0,"2024/09/03 00:30:00","2039/09/02 23:36:01"
F4B061,FORM-USDT,6B8FB4,FORM,350FE2,USDT,SWAP,linear,1,50,1,1,0.0001,5,600000,50000,0,cross,0,,,,,,,1697FE,Disabled,0,"2025/03/19 02:00:00","2049/03/19 00:52:23"
9E4DBF,FORTH-USDT,4AFB30,FORTH,350FE2,USDT,SWAP,linear,1,50,1,1,0.001,4,500000,20000,0,cross,0,,,,,,,1697FE,Disabled,0,"2025/04/08 01:45:00","2049/11/26 03:00:00"
E2308B,FOXY-USDT,12C2EC,FOXY,350FE2,USDT,SWAP,linear,100,20,1,1,1E-06,7,80000000,60000,0,cross,0,,,,,,,14E7C6,Suspended,1,"2024/04/12 06:30:05","2125/04/20 07:35:47"
6DAB2C,FUEL-USDT,940277,FUEL,350FE2,USDT,SWAP,linear,100,25,1,1,1E-05,6,14500,2900,0,cross,0,,,,,,,14E7C6,Suspended,1,"2025/01/06 04:10:00","2049/11/26 03:00:00"
5B78C5,FUN-USDT,9B1BC3,FUN,350FE2,USDT,SWAP,linear,1,50,1,1,1E-06,7,200000000,25000000,0,cross,0,,,,,,,1697FE,Disabled,0,"2025/03/31 02:40:00","2049/11/30 08:00:00"
B9255F,FWOG-USDT,195411,FWOG,350FE2,USDT,SWAP,linear,10,12,1,1,1E-05,6,25000,5000,0,cross,0,,,,,,,1697FE,Disabled,0,"2024/11/12 03:30:00","2049/11/12 02:11:00"
804BC0,FXS-USDT,6F61B7,FXS,350FE2,USDT,SWAP,linear,0.1,20,1,1,0.001,4,45000000,50000,0,cross,0,,,,,,,1697FE,Disabled,0,"2023/08/04 03:30:05","2028/12/31 08:00:00"
B1DE48,G-USDT,E2BA37,G,350FE2,USDT,SWAP,linear,100,50,1,1,1E-05,6,100000,30000,0,cross,0,,,,,,,1697FE,Disabled,0,"2024/07/26 04:00:00","2048/12/31 08:00:00"
BC30D0,GALA-USDT,CBC772,GALA,350FE2,USDT,SWAP,linear,10,20,1,1,1E-05,6,71520000,800000,0,cross,0,,,,,,,1697FE,Disabled,0,"2023/01/12 02:00:00","2029/11/30 08:00:00"
A7DAC3,GAS-USDT,283D81,GAS,350FE2,USDT,SWAP,linear,1,20,1,1,0.001,4,3000000,8000,0,cross,0,,,,,,,1697FE,Disabled,0,"2023/11/21 00:30:05","2030/12/25 00:27:44"
FC199B,GHST-USDT,AA3A26,GHST,350FE2,USDT,SWAP,linear,1,50,1,1,0.0001,5,1000000,50000,0,cross,0,,,,,,,14E7C6,Suspended,1,"2024/09/23 06:30:00","2049/09/23 04:30:15"
FE7BE6,GIGA-USDT,32650E,GIGA,350FE2,USDT,SWAP,linear,100,50,1,1,1E-05,6,22500,4500,0,cross,0,,,,,,,14E7C6,Suspended,1,"2024/12/12 03:30:00","2049/12/12 02:15:09"
77003A,GLM-USDT,F0BB95,GLM,350FE2,USDT,SWAP,linear,10,20,1,1,0.0001,5,4200000,20000,0,cross,0,,,,,,,1697FE,Disabled,0,"2024/02/22 04:30:05","2030/11/30 08:00:00"
B101D7,GME-USDT,608FA4,GME,350FE2,USDT,SWAP,linear,100,12,1,1,1E-06,7,25000,5000,0,cross,0,,,,,,,14E7C6,Suspended,1,"2024/06/12 04:00:05","2050/11/30 08:00:00"
A52F43,GMT-USDT,6E4901,GMT,350FE2,USDT,SWAP,linear,1,20,1,1,1E-05,6,136000000,180000,0,cross,0,,,,,,,1697FE,Disabled,0,"2023/01/12 02:00:00","2049/11/30 08:00:00"
55A66A,GMX-USDT,61698E,GMX,350FE2,USDT,SWAP,linear,0.1,20,1,1,0.01,3,6070000,20000,0,cross,0,,,,,,,1697FE,Disabled,0,"2023/08/04 03:30:05","2028/12/31 08:00:00"
254471,GOAT-USDT,C6D833,GOAT,350FE2,USDT,SWAP,linear,10,75,1,1,1E-05,6,55000,50000,0,cross,0,,,,,,,1697FE,Disabled,0,"2024/10/23 04:00:00","2049/10/23 03:10:46"
12EEAA,GODS-USDT,21C657,GODS,350FE2,USDT,SWAP,linear,1,20,1,1,1E-05,6,116570000,50000,0,cross,0,,,,,,,1697FE,Disabled,0,"2023/11/23 00:30:05","2030/11/30 20:30:00"
003DE7,GPS-USDT,02EF4A,GPS,350FE2,USDT,SWAP,linear,10,25,1,1,1E-05,6,700000,80000,0,cross,0,,,,,,,1697FE,Disabled,0,"2025/02/17 09:15:00","2049/02/17 07:16:57"
2ED17E,GRASS-USDT,55D15A,GRASS,350FE2,USDT,SWAP,linear,10,20,0.1,0.1,0.0001,5,600000,10000,0,cross,0,,,,,,,1697FE,Disabled,0,"2024/10/28 08:15:00","2049/10/28 05:27:25"
38CE5E,GRIFFAIN-USDT,7C4C96,GRIFFAIN,350FE2,USDT,SWAP,linear,10,20,1,1,1E-05,6,10000000,50000,0,cross,0,,,,,,,1697FE,Disabled,0,"2024/12/27 03:00:00","2049/11/26 03:00:00"
2128EB,GRT-USDT,E4B219,GRT,350FE2,USDT,SWAP,linear,10,50,1,1,1E-05,6,11560000,100000,0,cross,0,,,,,,,1697FE,Disabled,0,"2023/08/04 03:30:05","2028/12/31 08:00:00"
F06A34,GTC-USDT,8C3144,GTC,350FE2,USDT,SWAP,linear,0.1,50,1,1,0.001,4,1000000,1500000,0,cross,0,,,,,,,1697FE,Disabled,0,"2023/09/03 21:30:05","2028/12/31 08:00:00"
01E0FB,GUN-USDT,89EC66,GUN,350FE2,USDT,SWAP,linear,10,50,1,1,1E-05,6,10000000,240000,0,cross,0,,,,,,,1697FE,Disabled,0,"2025/03/31 06:15:00","2049/11/26 03:00:00"
570D86,H-USDT,EFEE52,H,350FE2,USDT,SWAP,linear,10,50,1,1,1E-05,6,2500000,100000,0,cross,0,,,,,,,14E7C6,Suspended,1,"2025/06/25 02:45:00","2124/08/01 03:00:00"
C3302F,HAEDAL-USDT,C34953,HAEDAL,350FE2,USDT,SWAP,linear,10,50,1,1,1E-05,6,1000000,20000,0,cross,0,,,,,,,1697FE,Disabled,0,"2025/04/30 20:30:00","2124/08/01 03:00:00"
6AD7C2,HBAR-USDT,F695B5,HBAR,350FE2,USDT,SWAP,linear,100,50,0.1,0.1,1E-05,6,800000,14000,0,cross,0,,,,,,,1697FE,Disabled,0,"2023/10/18 01:30:00","2029/10/10 01:30:00"
456A7E,HEI-USDT,38BBEC,HEI,350FE2,USDT,SWAP,linear,1,50,1,1,0.0001,5,1000000,100000,0,cross,0,,,,,,,14E7C6,Suspended,1,"2025/02/13 01:15:00","2125/08/01 12:06:59.562"
52A069,HEMI-USDT,701CFD,HEMI,350FE2,USDT,SWAP,linear,100,50,1,1,1E-06,7,500000,20000,0,cross,0,,,,,,,1697FE,Disabled,0,"2025/08/28 21:45:00","2124/08/01 03:00:00"
215445,HFT-USDT,63712F,HFT,350FE2,USDT,SWAP,linear,1,50,1,1,1E-05,6,10000000,500000,0,cross,0,,,,,,,1697FE,Disabled,0,"2023/10/18 01:30:00","2029/10/10 01:30:00"
75EEF6,HIFI-USDT,F60F45,HIFI,350FE2,USDT,SWAP,linear,1,25,1,1,1E-05,6,10000000,650000,0,cross,0,,,,,,,1697FE,Disabled,0,"2023/10/18 01:30:00","2029/10/10 01:30:00"
